{
  "DllCharacteristics": 0.11343517439720134,
  "DebugSize": 0.07232621593691924,
  "MajorLinkerVersion": 0.06681199153635278,
  "DebugRVA": 0.06584110090559947,
  "MajorOSVersion": 0.05503417179519024,
  "Machine": 0.05110267523929084,
  "ResourceSize": 0.0428870654161037,
  "SizeOfStackReserve": 0.027532928728665043,
  "NumberOfSections": 0.025646559320350017,
  "MajorImageVersion": 0.021582028815742504,
  "IatVRA": 0.017490322913901776,
  "ExportSize": 0.01260525589487019,
  "ExportRVA": 0.010271971510096387,
  "MinorLinkerVersion": 0.006365386095171653,
  "BitcoinAddresses": 0.00022694213505317914
}